readme,deepseek-v3.2-exp_0,qwen-flash_196,qwen-plus_0,flag
937106681_mcp-google-map,yes,yes,yes,yes
1028596302_mcp-reddit,yes,yes,yes,yes
951515356_huggingface-mcp-server,yes,yes,yes,yes
991919168_car-price-mcp-main,yes,yes,yes,yes
951713109_mcp-server-nationalparks,yes,yes,yes,yes
951693330_mcp-nixos,yes,yes,yes,yes
955620917_context7,yes,yes,yes,yes
975198545_nasa-mcp,yes,yes,yes,yes
900049352_openapi-mcp-server,yes,yes,yes,yes
944632918_okx-mcp,yes,yes,yes,yes
964126632_metmuseum-mcp,yes,yes,yes,yes
1021171204_unit-converter-mcp,yes,yes,yes,yes
944950963_wikipedia-mcp,yes,yes,yes,yes
967789939_medcalc,yes,yes,yes,yes
991629505_game-trends-mcp,no,no,no,no
947401196_mcp-osint-server,yes,yes,yes,yes
946575068_dexpaprika-mcp,yes,yes,yes,yes
1038308090_time-mcp,yes,yes,yes,yes
994954601_Fruityvice-MCP,yes,yes,yes,yes
958852531_biomcp,yes,yes,yes,yes
940956191_math-mcp,yes,yes,yes,yes
996594898_scientific_computation_mcp,yes,yes,yes,yes
999262466_bibliomantic-mcp-server,yes,yes,yes,yes
961295208_paper-search-mcp,yes,yes,yes,yes
964229615_mcp-server,yes,yes,yes,yes
